Designator,Mid X,Mid Y,Layer,Rotation
AT1,125.835,-140.97,top,90
C1,109.667553,-124.802521,top,90
C2,91.341774,-81.424029,top,0
C3,115.947596,-131.153623,top,0
C4,116.538917,-128.268877,top,0
C5,107.438397,-125.531074,top,0
C6,106.919482,-136.821566,top,-90
C7,105.067136,-128.664026,top,180
C8,104.458568,-133.551013,top,180
C9,90.405669,-74.363267,top,90
C10,121.276624,-129.066861,top,-90
C11,118.401455,-129.04323,top,-90
C12,81.456893,-59.237539,top,0
C13,80.132178,-56.617414,top,90
C14,119.010284,-124.267565,top,-90
C15,89.889921,-65.528802,top,0
C16,89.878901,-68.784203,top,0
C17,98.340685,-52.51055,top,180
C18,87.63,-77.47,top,-90
C19,88.872895,-76.909286,top,-90
C20,99.978278,-57.762007,top,-90
C21,114.565349,-124.170028,top,-90
C22,101.971948,-82.045381,top,-90
C23,81.204921,-52.828802,top,90
C24,102.042537,-71.4014,top,0
C25,102.494327,-117.458592,top,0
C26,102.974327,-118.728592,top,0
C27,96.850078,-115.57,top,90
C28,95.611107,-116.156902,top,90
C29,121.468291,-117.693952,top,0
C30,120.91049,-118.939133,top,0
C31,77.642581,-142.168871,top,0
C32,76.101401,-138.82664,top,-90
C33,82.333724,-138.569439,top,-90
C34,84.07605,-138.344623,top,-90
C35,101.306374,-89.075806,top,0
C36,100.898364,-96.538716,top,180
C37,67.486126,-91.87201,top,0
C38,66.138153,-85.247851,top,0
C39,97.47,-96.52,top,180
C40,74.7583,-91.836009,top,0
C41,73.534271,-85.247851,top,0
C42,72.086999,-121.298503,top,0
C43,90.960134,-97.244732,top,-90
C44,94.726362,-106.334988,top,-90
C45,90.805193,-93.200027,top,90
C46,72.830182,-123.027832,top,0
C47,65.875222,-128.170498,top,0
C48,97.710712,-127.520828,top,90
C49,91.549372,-127.472122,top,90
D1,77.84871,-54.112694,top,-90
D2,102.227332,-57.654309,top,90
D3,95.915297,-129.754936,top,-90
D4,111.76,-105.95,top,-90
D5,104.284536,-141.078114,top,0
D6,119.38,-105.95,top,-90
D7,100.136735,-93.085997,top,90
D8,102.476013,-93.109867,top,-90
D9,66.04,-97.06,top,-90
D10,94.797818,-94.341436,top,0
D11,76.306337,-97.020133,top,90
D12,94.774692,-92.051029,top,180
D13,96.683974,-123.494357,top,0
D14,65.34037,-136.624108,top,90
J1,116.84,-140.97,top,90
J2,90.17,-53.92,top,0
J3,96.52,-140.97,top,0
J4,68.58,-139.7,top,0
J5,68.58,-53.34,top,180
J6,124.46,-124.46,top,0
L1,119.840278,-129.517018,top,180
L2,77.234968,-135.716368,top,0
L3,99.678103,-101.800905,top,90
L4,125.73,-134.62,top,90
L5,125.037038,-133.030853,top,0
Q1,80.360653,-66.917812,top,-90
Q2,84.072064,-69.355324,top,90
Q3,74.875569,-67.649099,top,90
Q4,72.669282,-65.032021,top,180
Q5,107.652395,-64.510357,top,-90
Q6,111.200317,-67.050866,top,90
Q7,101.801468,-65.190464,top,90
Q8,98.034921,-64.528802,top,-90
R1,81.386281,-70.243423,top,-90
R2,79.37463,-70.248877,top,-90
R3,83.083273,-72.244603,top,-90
R4,93.405497,-76.344067,top,0
R5,85.086846,-72.244603,top,90
R6,86.607788,-71.980874,top,90
R7,77.394921,-70.288802,top,-90
R8,75.934907,-70.519466,top,90
R9,93.399588,-77.276974,top,180
R10,73.826404,-70.535319,top,90
R11,77.496463,-59.976925,top,180
R12,110.20737,-136.29181,top,-90
R13,111.174439,-136.288405,top,-90
R14,77.503825,-58.48699,top,180
R15,69.330042,-66.33247,top,0
R16,69.316177,-64.313217,top,0
R17,102.355244,-51.80769,top,0
R18,102.35316,-53.305514,top,0
R19,108.383691,-67.837846,top,-90
R20,106.417316,-67.879159,top,-90
R21,83.328424,-51.456182,top,-90
R22,110.154655,-69.898565,top,-90
R23,99.929827,-77.46676,top,180
R24,112.235416,-69.905634,top,90
R25,109.22,-137.16,top,90
R26,108.240999,-137.173411,top,90
R27,113.718584,-69.709998,top,90
R28,104.329162,-67.810323,top,-90
R29,102.858687,-68.043777,top,90
R30,99.839817,-75.572566,top,0
R31,100.760261,-68.051509,top,90
R32,99.280828,-67.859253,top,90
R33,97.276254,-67.884627,top,90
R34,114.877061,-116.780528,top,180
R35,113.91041,-115.506319,top,0
R36,90.17,-134.62,top,0
R37,89.41,-139.7,top,0
R38,111.77554,-111.73276,top,-90
R39,113.451043,-114.052626,top,90
R40,110.582911,-115.166953,top,180
R41,117.640217,-117.676167,top,-90
R42,117.23646,-115.099285,top,180
R43,97.79,-115.57,top,90
R44,119.393224,-111.761045,top,-90
R45,117.74816,-113.657221,top,90
R46,120.663362,-115.216297,top,0
R47,78.179471,-143.409633,top,0
R48,82.070109,-142.926579,top,90
R49,85.09,-92.71,top,-90
R50,80.057827,-143.424866,top,0
R51,82.06807,-141.02966,top,90
R52,90.17,-105.0525,top,90
R53,61.287493,-82.218052,top,-90
R54,71.12,-127,top,90
R55,95.25,-86.36,top,-90
R56,61.947031,-120.82355,top,90
R57,92.710946,-97.014578,top,90
R58,72.268283,-124.256942,top,180
R59,92.240758,-105.627643,top,90
R60,80.469685,-82.27655,top,-90
R61,65.490995,-126.491373,top,180
R62,94.208972,-98.114136,top,90
R63,94.550553,-124.277014,top,0
R64,63.594688,-138.443242,top,180
R65,65.32637,-138.521942,top,90
R66,96.679763,-124.492924,top,0
R67,70.984987,-138.842175,top,90
R68,70.965926,-140.725115,top,90
S1,95.25,-111.76,top,0
SW1,59.69,-133.35,top,-90
T1,71.12,-110.49,top,180
U1,92.384921,-73.648802,top,180
U2,96.777421,-76.958802,top,0
U3,83.82,-76.2,top,180
U4,92.134921,-79.498802,top,-90
U5,110.49,-130.81,top,0
U6,100.004921,-81.268802,top,0
U7,106.5475,-73.34,top,0
U8,100.004921,-73.648802,top,90
U9,113.7,-76.8,top,-90
U10,115.57,-118.65,top,90
U11,102.974327,-112.28,top,180
U12,121.32,-76.8,top,-90
U13,98.040141,-119.279446,top,90
U14,79.375,-139.25,top,-90
U15,93.151266,-102.116809,top,-90
U16,66.628823,-122.757174,top,180
U17,94.640371,-126.516727,top,0
Y1,116.790572,-124.242632,top,-90