Designator,Mid X,Mid Y,Rotation,Layer
AT1,125.835,-140.97,90.0,top
C1,109.667553,-124.802521,90.0,top
C10,121.276624,-129.066861,270.0,top
C11,118.401455,-129.04323,270.0,top
C12,81.456893,-59.237539,0.0,top
C13,80.132178,-56.617414,90.0,top
C14,119.010284,-124.267565,270.0,top
C15,89.889921,-65.528802,0.0,top
C16,89.878901,-68.784203,0.0,top
C17,98.340685,-52.51055,180.0,top
C18,87.63,-77.47,270.0,top
C19,88.872895,-76.909286,270.0,top
C2,91.341774,-81.424029,0.0,top
C20,99.978278,-57.762007,270.0,top
C21,114.565349,-124.170028,270.0,top
C22,101.971948,-82.045381,270.0,top
C23,81.204921,-52.828802,90.0,top
C24,102.042537,-71.4014,0.0,top
C25,102.494327,-117.458592,0.0,top
C26,102.974327,-118.728592,0.0,top
C27,96.850078,-115.57,90.0,top
C28,95.611107,-116.156902,90.0,top
C29,121.468291,-117.693952,0.0,top
C3,115.947596,-131.153623,0.0,top
C30,120.91049,-118.939133,0.0,top
C31,77.642581,-142.168871,0.0,top
C32,76.101401,-138.82664,270.0,top
C33,82.333724,-138.569439,270.0,top
C34,84.07605,-138.344623,270.0,top
C35,101.306374,-89.075806,0.0,top
C36,100.898364,-96.538716,180.0,top
C37,67.486126,-91.87201,0.0,top
C38,67.388153,-85.247851,0.0,top
C39,97.47,-96.52,180.0,top
C4,116.538917,-128.268877,0.0,top
C40,74.7583,-91.836009,0.0,top
C41,74.784271,-85.247851,0.0,top
C42,72.086999,-121.298503,0.0,top
C43,90.960134,-97.244732,270.0,top
C44,94.726362,-106.334988,270.0,top
C45,90.805193,-93.200027,90.0,top
C46,72.830182,-123.027832,0.0,top
C47,65.875222,-128.170498,0.0,top
C48,97.710712,-127.520828,90.0,top
C49,91.549372,-127.472122,90.0,top
C5,107.438397,-125.531074,0.0,top
C6,106.919482,-136.821566,270.0,top
C7,105.067136,-128.664026,180.0,top
C8,104.458568,-133.551013,180.0,top
C9,90.405669,-74.363267,90.0,top
D1,77.84871,-54.112694,270.0,top
D10,94.797818,-94.341436,0.0,top
D11,76.306337,-97.020133,90.0,top
D12,94.774692,-92.051029,180.0,top
D13,96.683974,-123.494357,0.0,top
D14,65.34037,-136.624108,90.0,top
D2,102.227332,-57.654309,90.0,top
D3,95.915297,-129.754936,270.0,top
D4,111.76,-105.95,270.0,top
D5,104.284536,-141.078114,180.0,top
D6,119.38,-105.95,270.0,top
D7,100.136735,-93.085997,90.0,top
D8,102.476013,-93.109867,270.0,top
D9,66.04,-97.06,270.0,top
J1,116.84,-140.97,90.0,top
J2,90.17,-53.92,0.0,top
J3,96.52,-140.97,0.0,top
J4,68.58,-140.7,0.0,top
J5,68.58,-50.8,180.0,top
J6,124.46,-124.46,0.0,top
L1,119.840278,-129.517018,180.0,top
L2,77.234968,-135.716368,0.0,top
L3,99.678103,-101.800905,90.0,top
L4,125.73,-134.62,90.0,top
L5,125.037038,-133.030853,0.0,top
Q1,80.360653,-66.917812,90.0,top
Q2,84.072064,-69.355324,270.0,top
Q3,74.875569,-67.649099,270.0,top
Q4,72.669282,-65.032021,0.0,top
Q5,107.652395,-64.510357,90.0,top
Q6,111.200317,-67.050866,270.0,top
Q7,101.801468,-65.190464,270.0,top
Q8,98.034921,-64.528802,90.0,top
R1,81.386281,-70.243423,270.0,top
R10,73.826404,-70.535319,90.0,top
R11,77.496463,-59.976925,180.0,top
R12,110.20737,-136.29181,270.0,top
R13,111.174439,-136.288405,270.0,top
R14,77.503825,-58.48699,180.0,top
R15,69.330042,-66.33247,0.0,top
R16,69.316177,-64.313217,0.0,top
R17,102.355244,-51.80769,0.0,top
R18,102.35316,-53.305514,0.0,top
R19,108.383691,-67.837846,270.0,top
R2,79.37463,-70.248877,270.0,top
R20,106.417316,-67.879159,270.0,top
R21,83.328424,-51.456182,270.0,top
R22,110.154655,-69.898565,270.0,top
R23,99.929827,-77.46676,180.0,top
R24,112.235416,-69.905634,90.0,top
R25,109.22,-137.16,90.0,top
R26,108.240999,-137.173411,90.0,top
R27,113.718584,-69.709998,90.0,top
R28,104.329162,-67.810323,270.0,top
R29,102.858687,-68.043777,90.0,top
R3,83.083273,-72.244603,270.0,top
R30,99.839817,-75.572566,0.0,top
R31,100.760261,-68.051509,90.0,top
R32,99.280828,-67.859253,90.0,top
R33,97.276254,-67.884627,90.0,top
R34,114.877061,-116.780528,180.0,top
R35,113.91041,-115.506319,0.0,top
R36,90.17,-134.62,0.0,top
R37,89.41,-139.7,0.0,top
R38,111.77554,-111.73276,270.0,top
R39,113.451043,-114.052626,90.0,top
R4,93.405497,-76.344067,0.0,top
R40,110.582911,-115.166953,180.0,top
R41,117.640217,-117.676167,270.0,top
R42,117.23646,-115.099285,180.0,top
R43,97.79,-115.57,90.0,top
R44,119.393224,-111.761045,270.0,top
R45,117.74816,-113.657221,90.0,top
R46,120.663362,-115.216297,0.0,top
R47,78.179471,-143.409633,0.0,top
R48,82.070109,-142.926579,90.0,top
R49,85.09,-92.71,270.0,top
R5,85.086846,-72.244603,90.0,top
R50,80.057827,-143.424866,0.0,top
R51,82.06807,-141.02966,90.0,top
R52,90.17,-105.0525,90.0,top
R53,61.287493,-82.218052,270.0,top
R54,71.12,-127.0,90.0,top
R55,95.25,-86.36,270.0,top
R56,61.947031,-120.82355,90.0,top
R57,92.710946,-97.014578,90.0,top
R58,72.268283,-124.256942,180.0,top
R59,92.240758,-105.627643,90.0,top
R6,86.607788,-71.980874,90.0,top
R60,80.469685,-82.27655,270.0,top
R61,65.490995,-126.491373,180.0,top
R62,94.208972,-98.114136,90.0,top
R63,94.550553,-124.277014,0.0,top
R64,63.594688,-138.443242,180.0,top
R65,65.32637,-138.521942,90.0,top
R66,96.679763,-124.492924,0.0,top
R67,70.984987,-138.842175,90.0,top
R68,70.965926,-140.725115,90.0,top
R7,77.394921,-70.288802,270.0,top
R8,75.934907,-70.519466,90.0,top
R9,93.399588,-77.276974,180.0,top
S1,95.25,-111.76,0.0,top
SW1,59.69,-133.35,270.0,top
T1,71.12,-110.49,180.0,top
U1,92.384921,-73.648802,180.0,top
U10,115.57,-118.65,90.0,top
U11,102.974327,-112.28,180.0,top
U12,121.32,-76.8,270.0,top
U13,98.040141,-119.279446,0.0,top
U14,79.375,-139.25,270.0,top
U15,93.151266,-102.116809,270.0,top
U16,66.628823,-122.757174,180.0,top
U17,94.640371,-126.516727,180.0,top
U2,96.777421,-76.958802,0.0,top
U3,83.82,-76.2,0.0,top
U4,92.134921,-79.498802,270.0,top
U5,110.49,-130.81,0.0,top
U6,100.004921,-81.268802,0.0,top
U7,106.5475,-73.34,180.0,top
U8,100.004921,-73.648802,90.0,top
U9,113.7,-76.8,270.0,top
Y1,116.790572,-124.242632,270.0,top
