Designator,Mid X,Mid Y,Layer,Rotation,Val,Package
AT1,125.835,-140.97,top,90,2450AT43B100E,ANTENNA_2450AT43B100E
C1,109.667553,-124.802521,top,90,1uF,C_0603_1608Metric
C2,91.341774,-81.424029,top,0,100nF,C_0402_1005Metric
C3,115.947596,-131.153623,top,0,820pF,C_0402_1005Metric
C4,116.538917,-128.268877,top,0,100pF,C_0402_1005Metric
C5,107.438397,-125.531074,top,0,4.7uF,C_0603_1608Metric
C6,105.950037,-136.81908,top,-90,4.7uF,C_0603_1608Metric
C7,105.067136,-128.664026,top,180,100nF,C_0402_1005Metric
C8,104.458568,-133.551013,top,180,4.7uF,C_0603_1608Metric
C9,90.405669,-74.363267,top,90,100nF,C_0402_1005Metric
C10,121.276624,-129.066861,top,-90,0.5pF,C_0402_1005Metric
C11,118.401455,-129.04323,top,-90,0.8pF,C_0402_1005Metric
C12,81.456893,-59.237539,top,0,22uF,C_1210_3225Metric
C13,80.132178,-56.617414,top,90,680pF,C_0402_1005Metric
C14,119.010284,-124.267565,top,-90,12pF,C_0402_1005Metric
C15,89.889921,-65.528802,top,0,22uF,C_1210_3225Metric
C16,89.878901,-68.784203,top,0,22uF,C_1210_3225Metric
C17,98.340685,-52.51055,top,180,22uF,C_1210_3225Metric
C18,87.63,-77.47,top,-90,10uF,C_0603_1608Metric
C19,88.872895,-76.909286,top,-90,100nF,C_0402_1005Metric
C20,99.978278,-57.762007,top,-90,680pF,C_0402_1005Metric
C21,114.565349,-124.170028,top,-90,12pF,C_0402_1005Metric
C22,101.971948,-82.045381,top,-90,100nF,C_0402_1005Metric
C23,81.204921,-52.828802,top,90,22uF,C_1210_3225Metric
C24,102.042537,-71.4014,top,0,100nF,C_0402_1005Metric
C25,102.494327,-117.458592,top,0,100nF,C_0402_1005Metric
C26,102.974327,-118.728592,top,0,10uF,C_0603_1608Metric
C27,96.850078,-115.57,top,90,100nF,C_0402_1005Metric
C28,95.611107,-116.156902,top,90,10uF,C_0603_1608Metric
C29,121.468291,-117.693952,top,0,10uF,C_0603_1608Metric
C30,120.91049,-118.939133,top,0,100nF,C_0402_1005Metric
C31,76.259812,-141.508267,top,-90,0.1uF,C_0603_1608Metric
C32,74.176787,-138.705405,top,-90,10uF,C_0805_2012Metric
C33,82.333724,-138.569439,top,-90,0.1uF,C_0603_1608Metric
C34,84.07605,-138.344623,top,-90,22uF,C_0805_2012Metric
C35,101.306374,-89.075806,top,0,"22uF, 25V",C_1210_3225Metric
C36,100.898364,-96.538716,top,180,1uF,C_0805_2012Metric
C37,67.627433,-94.910757,top,0,"22uF, 200V",C_1210_3225Metric
C38,65.919383,-89.917994,top,0,"10uF, 100V electrolytic",CP_Radial_D6.3mm_P2.50mm
C39,97.47,-96.52,top,180,1uF,C_0805_2012Metric
C40,74.755258,-94.943604,top,0,"22uF, 200V",C_1210_3225Metric
C41,73.966927,-89.425287,top,0,"10uF, 100V electrolytic",CP_Radial_D6.3mm_P2.50mm
C42,72.086999,-121.298503,top,0,"22uF, 6.3V",C_0805_2012Metric
C43,90.960134,-97.244732,top,-90,4.7pF,C_0805_2012Metric
C44,94.726362,-106.334988,top,-90,22uF,C_0805_2012Metric
C45,90.805193,-93.200027,top,90,"22uF, 25V",C_1210_3225Metric
C46,72.802094,-123.343061,top,0,1uF,C_0603_1608Metric
C47,65.875222,-128.170498,top,0,10pF,C_0603_1608Metric
C48,97.710712,-127.520828,top,90,4.7uF,C_0805_2012Metric
C49,91.549372,-127.472122,top,90,4.7uF,C_0805_2012Metric
D1,77.84871,-54.112694,top,-90,SMAJ54CA,D_SMA
D2,102.227332,-57.654309,top,90,SMAJ54CA,D_SMA
D3,95.915297,-129.754936,top,-90,PESD5V0L1UL,D_SOD-882
D4,111.76,-105.95,top,-90,SS3200,D_SMA
D5,96.52,-135.187992,top,90,SP0502BAHT,SOT-23
D6,119.38,-105.95,top,-90,SS3200,D_SMA
D7,100.136735,-93.085997,top,90,MBR0530,D_SOD-123
D8,102.476013,-93.109867,top,-90,MBR0530,D_SOD-123
D9,63.712701,-99.015272,top,0,SS3200,D_SMA
D10,94.797818,-94.341436,top,0,MBR0530,D_SOD-123
D11,78.962592,-99.089122,top,0,SS3200,D_SMA
D12,94.774692,-92.051029,top,180,MBR0530,D_SOD-123
D13,96.683974,-123.494357,top,0,LED Yellow,LED_0402_1005Metric
D14,65.34037,-136.624108,top,90,LED Green,LED_0402_1005Metric
J1,116.84,-140.97,top,90,Conn_ARM_JTAG_SWD_10,PinHeader_2x05_P1.27mm_Vertical_SMD
J2,90.17,-53.92,top,0,AudioPlug3,Jack_3.5mm_CUI_SJ-3523-SMT_Horizontal
J3,86.208329,-125.708925,top,-90,Conn_02x02_Top_Bottom,PinSocket_2x02_P2.54mm_Vertical
J4,68.58,-139.7,top,0,Conn_01x02_Pin,PinHeader_1x02_P2.00mm_Vertical
J5,68.58,-53.34,top,180,Conn_01x03_Pin,PinHeader_1x03_P2.54mm_Vertical
J6,124.46,-124.46,top,0,Conn_01x01_Pin,PinHeader_1x01_P1.00mm_Horizontal
J7,96.52,-142.24,top,0,2171790001,MOLEX_2171790001
J8,66.02,-83.8,top,180,Conn_02x02_Top_Bottom,PinSocket_2x02_P2.54mm_Vertical
J9,76.735089,-83.738323,top,180,Conn_02x02_Top_Bottom,PinSocket_2x02_P2.54mm_Vertical
L1,119.840278,-129.517018,top,180,"4.7nH, 5%",L_0402_1005Metric
L2,76.680284,-134.860142,top,0,"4.7uH, 1.2A",L_1008_2520Metric_Pad1.43x2.20mm_HandSolder
L3,99.678103,-101.800905,top,90,10uH,L_7.3x7.3_H3.5
L4,125.828252,-134.700092,top,90,"2.7nH, 5%",L_0402_1005Metric
L5,125.34102,-133.064864,top,0,"1.8nH, 5%",L_0402_1005Metric
Q1,80.360653,-66.917812,top,-90,BCV62,SOT-143
Q2,84.072064,-69.355324,top,90,BC847,SOT-23
Q3,74.875569,-67.649099,top,90,BC857,SOT-23
Q4,72.669282,-65.032021,top,180,BCV61,SOT-143
Q5,107.662313,-64.467998,top,-90,BCV62,SOT-143
Q6,111.200317,-67.050866,top,90,BC847,SOT-23
Q7,101.801468,-65.190464,top,90,BC857,SOT-23
Q8,98.034921,-64.528802,top,-90,BCV61,SOT-143
R1,81.386281,-70.243423,top,-90,1k,C_0805_2012Metric
R2,79.37463,-70.248877,top,-90,150 Ohm,C_0805_2012Metric
R3,83.083273,-72.244603,top,-90,100 Ohm,C_0402_1005Metric
R4,93.405497,-76.344067,top,0,1M,C_0402_1005Metric
R5,85.086846,-72.244603,top,90,100 Ohm,C_0402_1005Metric
R6,86.607788,-71.980874,top,90,4.4k,C_0805_2012Metric
R7,77.394921,-70.288802,top,-90,4.4k,C_0805_2012Metric
R8,75.934907,-70.519466,top,90,100 Ohm,C_0402_1005Metric
R9,93.399588,-77.276974,top,180,1M,C_0402_1005Metric
R10,73.826404,-70.535319,top,90,100 Ohm,C_0402_1005Metric
R11,77.496463,-59.976925,top,180,0 Ohm,R_0603_1608Metric_Pad0.98x0.95mm_HandSolder
R12,110.20737,-136.29181,top,-90,4.7k,R_0402_1005Metric
R13,111.174439,-136.288405,top,-90,4.7k,R_0402_1005Metric
R14,77.503825,-58.48699,top,180,0 Ohm,R_0603_1608Metric_Pad0.98x0.95mm_HandSolder
R15,69.330042,-66.33247,top,0,1k,C_0805_2012Metric
R16,69.316177,-64.313217,top,0,150 Ohm,C_0805_2012Metric
R17,102.355244,-51.80769,top,0,0 Ohm,R_0603_1608Metric_Pad0.98x0.95mm_HandSolder
R18,102.35316,-53.305514,top,0,0 Ohm,R_0603_1608Metric_Pad0.98x0.95mm_HandSolder
R19,108.383691,-67.837846,top,-90,1k,C_0805_2012Metric
R20,106.417316,-67.879159,top,-90,150 Ohm,C_0805_2012Metric
R21,83.328424,-51.456182,top,-90,100k,R_0402_1005Metric
R22,110.154655,-69.898565,top,-90,100 Ohm,C_0402_1005Metric
R23,99.929827,-77.46676,top,180,1M,C_0402_1005Metric
R24,112.235416,-69.905634,top,90,100 Ohm,C_0402_1005Metric
R25,108.018756,-137.137405,top,90,22 Ohm,R_0402_1005Metric
R26,108.962596,-137.126879,top,90,22 Ohm,R_0402_1005Metric
R27,113.718584,-69.709998,top,90,4.4k,C_0805_2012Metric
R28,104.329162,-67.810323,top,-90,4.4k,C_0805_2012Metric
R29,102.858687,-68.043777,top,90,100 Ohm,C_0402_1005Metric
R30,99.839817,-75.572566,top,0,1M,C_0402_1005Metric
R31,100.760261,-68.051509,top,90,100 Ohm,C_0402_1005Metric
R32,99.280828,-67.859253,top,90,1k,C_0805_2012Metric
R33,97.276254,-67.884627,top,90,150 Ohm,C_0805_2012Metric
R34,114.877061,-116.780528,top,180,100k,R_0402_1005Metric
R35,113.91041,-115.506319,top,0,100k,R_0402_1005Metric
R36,99.82,-135.89,top,0,5.1k,R_0402_1005Metric
R37,91.889827,-136.537978,top,180,5.1k,R_0402_1005Metric
R38,111.77554,-111.73276,top,-90,10k,R_1206_3216Metric
R39,113.451043,-114.052626,top,90,100k,R_0402_1005Metric
R40,110.582911,-115.166953,top,180,619 Ohm,R_1206_3216Metric
R41,117.640217,-117.676167,top,-90,100k,R_0402_1005Metric
R42,117.23646,-115.099285,top,180,100k,R_0402_1005Metric
R43,97.79,-115.57,top,90,100k,R_0402_1005Metric
R44,119.393224,-111.761045,top,-90,10k,R_1206_3216Metric
R45,117.74816,-113.657221,top,90,100k,R_0402_1005Metric
R46,120.663362,-115.216297,top,0,619 Ohm,R_1206_3216Metric
R47,78.314399,-143.394752,top,0,2M,R_0402_1005Metric
R48,82.070109,-142.926579,top,90,1.2M,R_0402_1005Metric
R50,80.617962,-143.391755,top,0,220k,R_0402_1005Metric
R51,82.06807,-141.02966,top,90,220k,R_0402_1005Metric
R56,61.947031,-120.82355,top,90,100k,R_0805_2012Metric_Pad1.20x1.40mm_HandSolder
R57,92.710946,-97.014578,top,90,2M,R_0603_1608Metric
R58,72.24045,-124.673419,top,180,100k,R_0402_1005Metric
R59,92.240758,-105.627643,top,90,100k,R_0402_1005Metric
R61,65.490995,-126.491373,top,180,10k,R_0805_2012Metric_Pad1.20x1.40mm_HandSolder
R62,94.208972,-98.114136,top,90,130k,R_0603_1608Metric
R63,94.550553,-124.277014,top,0,330,R_0402_1005Metric
R64,63.594688,-138.443242,top,180,100k,R_0402_1005Metric
R65,65.32637,-138.521942,top,90,1k,R_0402_1005Metric
R66,96.679763,-124.492924,top,0,2k,R_0402_1005Metric
R67,70.984987,-138.842175,top,90,100k,R_0402_1005Metric
R68,70.965926,-140.725115,top,90,100k,R_0402_1005Metric
S1,95.25,-111.76,top,0,5-1437565-0,SW_SPST_PTS647_Sx38
SW1,59.69,-133.35,top,-90,SW_SPDT,SW_SPDT_CK_JS102011SAQN
T1,71.12,-110.49,top,180,"Wurth 750315839 - 1:10, 40uH",WE-FLYLT_EP13_5465
U2,96.777421,-76.958802,top,0,TLV9004xRUCR,Texas_S-PX2QFN-14
U3,83.82,-76.2,top,180,MCP4725xxx-xCH,SOT-23-6
U5,110.49,-130.81,top,0,nRF52840,Nordic_AQFN-73-1EP_7x7mm_P0.5mm
U7,106.5475,-73.34,top,0,MCP4725xxx-xCH,SOT-23-6
U9,113.7,-76.8,top,-90,OPA455,TI_SO-PowerPAD-8_ThermalVias
U10,115.57,-118.65,top,90,TLV9062,QFN50P200X150X40-10N
U11,102.974327,-112.28,top,180,LIS2DH12,LGA-12_2x2mm_P0.5mm
U12,121.32,-76.8,top,-90,OPA455,TI_SO-PowerPAD-8_ThermalVias
U13,98.040141,-119.279446,top,90,74AUC1G74,Texas_UQFN-8_1.5x1.5mm_P0.5mm
U14,79.375,-139.25,top,-90,TPS61200DRC,Texas_S-PVSON-N10_ThermalVias
U15,93.151266,-102.116809,top,-90,LT1615ES5_TRPBF,SOT95P280X145-5N
U16,66.628823,-122.757174,top,180,LT8304IS8E_PBF,SOIC127P599X175-9N
U17,94.640371,-126.516727,top,0,MCP73831-2-OT,SOT-23-5
U18,92.71,-73.97,top,90,TS5A3159DCKR,SOT65P210X110-6N
U19,92.210269,-79.629923,top,180,TS5A3159DCKR,SOT65P210X110-6N
U20,99.223792,-81.318539,top,0,TS5A3159DCKR,SOT65P210X110-6N
U21,101.563406,-73.552589,top,180,TS5A3159DCKR,SOT65P210X110-6N
Y1,116.790572,-124.242632,top,-90,32MHz - X322532MOB4SI,Crystal_SMD_3225-4Pin_3.2x2.5mm